Nutrient Data Bank Number,Category,Description,Категория,Ингредиенты,Описание,"Калории, ккал",Влага,Белки,Углеводы,Жиры,"Кальций, мг","Фосфор, мг","Магний, мг","Натрий, мг","Калий, мг","Железо, мг","Медь, мг","Цинк, мг","Марганец, мг","Витамин A, мкг","Витамин E, мг","Витамин Д, мкг","Витамин В1 (тиамин), мг","Витамин В2 (Рибофлавин), мг","Витамин В3 (Ниацин), мг","Витамин В6, мг","Витамин В12, мкг","Пантотеновая кислота, мг","Линолевая кислота, г","Фолиевая кислота, мкг","Альфа-линоленовая кислота, г","Арахидоновая кислота, г","ЭПК, г","ДГК, г","Холин, мг","Селен, мкг","Йод, мкг","Зола, г","Клетчатка, г","Холестерин, мг","Сахар общее, г",Alpha Carotene,Beta Carotene,Beta Cryptoxanthin,Lutein and Zeaxanthin,Lycopene,Refuse Percentage,Retinol,Fat.Monosaturated Fat,Fat.Polysaturated Fat,Fat.Saturated Fat,Household Weights.1st Household Weight,Household Weights.1st Household Weight Description,Household Weights.2nd Household Weight,Household Weights.2nd Household Weight Description,Vitamin A - IU,Vitamin C,Vitamin K
14555,WATER,"WATER,BTLD,GENERIC","Вода, соль и сахар",Вода,Обыкновенный,0,99.98,0.0,0.0,0.0,10,0,2,2,0,0.0,0.007,0.0,0.0,0,0.0,0.0,0.0,0.0,0.0,0.0,0.0,0.0,0.0,0,0.0,0.0,0.0,0.0,0,0.0,0.0,0.07,0.0,0,0.0,0,0,0,0,0,0,0,0.0,0.0,0.0,29.57,1 fl oz,237,1 cup,0,0.0,0.0
2047,SALT,"SALT,TABLE","Вода, соль и сахар",Соль,"Поваренная, йодированная",0,0.2,0.0,0.0,0.0,24,0,1,38758,8,0.33,0.03,0.1,0.1,0,0.0,0.0,0.0,0.0,0.0,0.0,0.0,0.0,0.0,0,0.0,0.0,0.0,0.0,0,0.1,5080.0,99.8,0.0,0,0.0,0,0,0,0,0,0,0,0.0,0.0,0.0,292.0,1 cup,18,1 tbsp,0,0.0,0.0
19304,No Category,MOLASSES,"Вода, соль и сахар",Патока,Обыкновенный,290,21.87,0.0,74.73,0.1,205,31,242,37,1464,4.72,0.487,0.29,1.53,0,0.0,0.0,0.041,0.002,0.93,0.67,0.0,0.804,0.05,0,0.0,0.0,0.0,0.0,13,17.8,0.0,3.3,0.0,0,55.49000168,0,0,0,0,0,0,0,0.032,0.05,0.018,337.16,1 cup,20,"1 serving, 1 tbsp",0,0.0,0.0
11007,ARTICHOKES,"ARTICHOKES,(GLOBE OR FRENCH),RAW",Зелень и специи,Артишоки,Обыкновенный,47,84.94,3.27,10.51,0.15,44,90,60,94,370,1.28,0.231,0.49,0.256,1,0.19,0.0,0.072,0.066,1.046,0.116,0.0,0.338,0.046,0,0.017,0.0,0.0,0.0,34,0.2,0.0,1.13,5.400000095,0,0.99000001,0,8,0,464,0,60,0,0.005,0.064,0.036,128.0,"1 artichoke,  medium",162,"1 artichoke,  large",13,11.7,14.8
2044,BASIL,"BASIL,FRESH",Зелень и специи,Базилик,Обыкновенный,23,92.06,3.15,2.65,0.64,177,56,64,4,295,3.17,0.385,0.81,1.148,264,0.8,0.0,0.034,0.076,0.902,0.155,0.0,0.209,0.073,0,0.316,0.0,0.0,0.0,11,0.3,0.0,1.49,1.600000024,0,0.300000012,0,3142,46,5650,0,36,0,0.088,0.389,0.041,5.3,"2 tbsp, chopped",2,5 leaves,5275,18.0,414.8
11446,SEAWEED,"SEAWEED,LAVER,RAW",Зелень и специи,Водоросли,Морская Водоросль (Нори),35,85.03,5.81,5.11,0.28,70,58,2,48,356,1.8,0.264,1.05,0.988,260,1.0,0.0,0.098,0.446,1.47,0.159,0.0,0.521,0.004,0,0.001,0.009,0.08,0.0,10,0.7,2460.0,3.77,0.300000012,0,0.49000001,0,3121,0,0,0,0,0,0.025,0.11,0.061,26.0,10 sheets,10,"2 tbsp,  (1/8 cup)",5202,39.0,4.0
11445,SEAWEED,"SEAWEED,KELP,RAW,KELP,RAW",Зелень и специи,Водоросли,Морская Капуста (Ламинария),43,81.58,1.68,9.57,0.56,168,42,121,233,89,2.85,0.13,1.23,0.2,6,0.87,0.0,0.05,0.15,0.47,0.002,0.0,0.642,0.02,0,0.004,0.012,0.004,0.0,13,0.7,3500.0,6.61,1.299999952,0,0.600000024,0,70,0,0,0,0,0,0.098,0.047,0.247,10.0,"2 tbsp,  (1/8 cup)",0,,116,3.0,66.0
19177,GELATINS,"GELATINS,DRY PDR,UNSWTND",Зелень и специи,Желатин,"Сухой Порошок, Несладкий",335,13.0,85.6,0.0,0.1,55,39,22,196,16,1.11,2.161,0.14,0.105,0,0.0,0.0,0.025,0.23,0.085,0.007,0.0,0.125,0.0,0,0.0,0.0,0.0,0.0,38,39.5,0.0,1.3,0.0,0,0.0,0,0,0,0,0,0,0,0.06,0.01,0.07,7.0,"1 envelope,  (1 tbsp)",28,"1 package,  (1 oz)",0,0.0,0.0
11298,PARSNIPS,"PARSNIPS,RAW",Зелень и специи,Пастернак,Обыкновенный,75,79.53,1.2,17.99,0.3,36,71,29,10,375,0.59,0.12,0.59,0.56,0,1.49,0.0,0.09,0.05,0.7,0.09,0.0,0.6,0.041,0,0.003,0.0,0.0,0.0,0,1.8,0.0,0.98,4.900000095,0,4.800000191,0,0,0,0,0,15,0,0.112,0.047,0.05,133.0,"1 cup, slices",0,,0,17.0,22.5
11297,PARSLEY,"PARSLEY,RAW",Зелень и специи,Петрушка,Обыкновенный,36,87.71,2.97,6.33,0.79,138,58,50,56,554,6.2,0.149,1.07,0.16,421,0.75,0.0,0.086,0.098,1.313,0.09,0.0,0.4,0.115,0,0.008,0.0,0.0,0.0,13,0.1,0.0,2.2,3.299999952,0,0.850000024,0,5054,0,5561,0,5,0,0.295,0.124,0.132,60.0,1 cup,4,1 tbsp,8424,133.0,1640.0
2063,ROSEMARY,"ROSEMARY,FRESH",Зелень и специи,Розмарин,Обыкновенный,131,67.77,3.31,20.7,5.86,317,66,91,26,668,6.65,0.301,0.93,0.96,146,0.0,0.0,0.036,0.152,0.912,0.336,0.0,0.804,0.447,0,0.414,0.0,0.0,0.0,0,0.0,0.0,2.35,14.10000038,0,0.0,0,0,0,0,0,35,0,1.16,0.901,2.838,1.7,1 tbsp,1,1 tsp,2924,21.8,0.0
11959,ARUGULA,"ARUGULA,RAW",Зелень и специи,Руккола,Обыкновенный,25,91.71,2.58,3.65,0.66,160,52,47,27,369,1.46,0.076,0.47,0.321,119,0.43,0.0,0.044,0.086,0.305,0.073,0.0,0.437,0.13,0,0.17,0.002,0.0,0.0,15,0.3,0.0,1.4,1.600000024,0,2.049999952,0,1424,0,3555,0,40,0,0.049,0.319,0.086,2.0,1 leaf,10,.5 cup,2373,15.0,108.6
11011,ASPARAGUS,"ASPARAGUS,RAW",Зелень и специи,Спаржа,Обыкновенный,20,93.22,2.2,3.88,0.12,24,52,14,2,202,2.14,0.189,0.54,0.158,38,1.13,0.0,0.143,0.141,0.978,0.091,0.0,0.274,0.04,0,0.01,0.0,0.0,0.0,16,2.3,0.7,0.58,2.099999905,0,1.879999995,9,449,0,710,0,47,0,0.0,0.05,0.04,134.0,1 cup,12,"1 spear,  small (5"" long or less)",756,5.6,41.6
2049,THYME,"THYME,FRSH",Зелень и специи,Тимьян,Обыкновенный,101,65.11,5.56,24.45,1.68,405,106,160,9,609,17.45,0.555,1.81,1.719,238,0.0,0.0,0.048,0.471,1.824,0.348,0.0,0.409,0.085,0,0.447,0.0,0.0,0.0,0,0.0,0.0,3.2,14.0,0,0.0,0,2851,0,0,0,32,0,0.081,0.532,0.467,0.8,1 tsp,0,.5 tsp,4751,160.1,0.0
2045,DILL WEED,"DILL WEED,FRSH",Зелень и специи,Укроп,Обыкновенный,43,85.95,3.46,7.02,1.12,208,66,55,61,738,6.59,0.146,0.91,1.264,386,0.0,0.0,0.058,0.296,1.57,0.185,0.0,0.397,0.082,0,0.013,0.0,0.0,0.0,0,0.0,0.0,2.45,2.099999905,0,0.0,0,0,0,0,0,41,0,0.802,0.095,0.06,8.9,"1 cup, sprigs",1,5 sprigs,7718,85.0,0.0
11457,SPINACH,"SPINACH,RAW",Зелень и специи,Шпинат,Обыкновенный,23,91.4,2.86,3.63,0.39,99,49,79,79,558,2.71,0.13,0.53,0.897,469,2.03,0.0,0.078,0.189,0.724,0.195,0.0,0.065,0.026,0,0.138,0.0,0.0,0.0,18,1.0,6.1,1.72,2.200000048,0,0.419999987,0,5626,0,12198,0,28,0,0.01,0.165,0.063,30.0,1 cup,340,1 bunch,9377,28.1,482.9
2021,GINGER,"GINGER,GROUND",Зелень и специи,Имбирь,Молотый,347,9.38,9.12,70.79,5.95,116,148,184,32,1343,11.52,0.48,4.72,26.5,7,18.02,0.0,0.046,0.185,5.155,0.84,0.0,0.0,0.706,0,0.223,0.0,0.0,0.0,41,38.5,0.0,4.77,12.5,0,3.390000105,0,88,0,0,0,0,0,1.0,1.31,1.94,5.4,1 tbsp,2,1 tsp,147,7.0,0.8
11167,CORN,"CORN,SWEET,YELLOW,RAW",Крупы,Кукуруза,Обыкновенный,86,75.96,3.22,19.02,1.18,2,89,37,15,270,0.52,0.054,0.45,0.161,9,0.07,0.0,0.2,0.06,1.7,0.055,0.0,0.76,0.472,0,0.014,0.001,0.0,0.0,23,0.6,0.5,0.62,2.700000048,0,3.220000029,16,47,115,644,0,64,0,0.347,0.559,0.182,154.0,1 cup,143,"1 ear,  large (7-3/4"" to 9"" long) yields",187,6.8,0.3
20031,MILLET,"MILLET,RAW",Крупы,Просо,Обыкновенный,378,8.67,11.02,72.85,4.22,8,285,114,5,195,3.01,0.75,1.68,1.632,0,0.05,0.0,0.421,0.29,4.72,0.384,0.0,0.848,2.02,0,0.118,0.0,0.0,0.0,0,2.7,0.0,3.25,8.5,0,0.0,0,0,0,0,0,0,0,0.773,2.134,0.723,200.0,1 cup,0,,0,0.0,0.9
20075,WHEAT,"WHEAT,SOFT WHITE",Крупы,Пшеница,Мягкая Белая,340,10.42,10.69,75.36,1.99,34,402,90,2,435,5.37,0.426,3.46,3.406,0,1.01,0.0,0.41,0.107,4.766,0.378,0.0,0.85,0.8,0,0.036,0.0,0.0,0.0,0,0.0,0.0,1.54,12.69999981,0,0.409999996,0,5,0,220,0,0,0,0.227,0.837,0.368,168.0,1 cup,0,,9,0.0,1.9
20073,WHEAT,"WHEAT,SOFT RED WINTER",Крупы,Пшеница,Мягкая Красная,331,12.17,10.35,74.24,1.56,27,493,126,2,397,3.21,0.45,2.63,4.391,0,1.01,0.0,0.394,0.096,4.8,0.272,0.0,0.85,0.628,0,0.028,0.0,0.0,0.0,0,0.0,0.0,1.68,12.5,0,0.409999996,0,0,0,0,0,0,0,0.178,0.656,0.289,168.0,1 cup,0,,0,0.0,0.0
20074,WHEAT,"WHEAT,HARD WHITE",Крупы,Пшеница,Твёрдая Белая,342,9.57,11.31,75.9,1.71,32,355,93,2,432,4.56,0.363,3.33,3.821,0,1.01,0.0,0.387,0.108,4.381,0.368,0.0,0.954,0.715,0,0.035,0.0,0.0,0.0,0,0.0,0.0,1.52,12.19999981,0,0.409999996,0,5,0,220,0,0,0,0.203,0.75,0.277,192.0,1 cup,0,,9,0.0,1.9
20072,WHEAT,"WHEAT,HARD RED WINTER",Крупы,Пшеница,Твёрдая Красная,327,13.1,12.61,71.18,1.54,29,288,126,2,363,3.19,0.434,2.65,3.985,0,1.01,0.0,0.383,0.115,5.464,0.3,0.0,0.954,0.6,0,0.027,0.0,0.0,0.0,31,70.7,0.0,1.57,12.19999981,0,0.409999996,0,5,0,220,0,0,0,0.2,0.627,0.269,192.0,1 cup,0,,9,0.0,1.9
20044,RICE,"RICE,WHITE,LONG-GRAIN,REG,RAW,ENR",Крупы,Рис,"Белый, Длиннозерный",365,11.62,7.13,79.95,0.66,28,115,25,5,115,4.31,0.22,1.09,1.088,0,0.11,0.0,0.576,0.049,4.192,0.164,0.0,1.014,0.146,223,0.031,0.0,0.0,0.0,6,15.1,2.0,0.64,1.299999952,0,0.119999997,0,0,0,0,0,0,0,0.206,0.177,0.18,185.0,1 cup,0,,0,0.0,0.1
20052,RICE,"RICE,WHITE,SHORT-GRAIN,RAW",Крупы,Рис,"Белый, Круглозерный (Короткозерный)",358,13.29,6.5,79.15,0.52,3,95,23,1,76,4.23,0.21,1.1,1.037,0,0.0,0.0,0.565,0.048,4.113,0.171,0.0,1.287,0.114,225,0.024,0.0,0.0,0.0,0,15.1,2.0,0.54,2.799999952,0,0.0,0,0,0,0,0,0,0,0.161,0.138,0.14,200.0,1 cup,0,,0,0.0,0.0
20050,RICE,"RICE,WHITE,MEDIUM-GRAIN,RAW,ENR",Крупы,Рис,"Белый, Среднезерный",360,12.89,6.61,79.34,0.58,9,108,35,1,86,4.36,0.11,1.16,1.1,0,0.11,0.0,0.578,0.048,5.093,0.145,0.0,1.342,0.128,222,0.027,0.0,0.0,0.0,0,15.1,2.0,0.58,1.399999976,0,0.0,0,0,0,0,0,0,0,0.181,0.155,0.158,195.0,1 cup,0,,0,0.0,0.0
20036,RICE,"RICE,BROWN,LONG-GRAIN,RAW",Крупы,Рис,"Коричневый, Длиннозерный",370,10.37,7.94,77.24,2.92,23,333,143,7,223,1.47,0.277,2.02,3.743,0,1.2,0.0,0.401,0.093,5.091,0.509,0.0,1.493,0.968,0,0.032,0.0,0.0,0.0,31,23.4,2.0,1.53,3.5,0,0.850000024,0,0,0,0,0,0,0,1.056,1.044,0.584,185.0,1 cup,0,,0,0.0,1.9
20040,RICE,"RICE,BROWN,MEDIUM-GRAIN,RAW",Крупы,Рис,"Коричневый, Среднезерный",362,12.37,7.5,76.17,2.68,33,264,143,4,268,1.8,0.277,2.02,3.743,0,0.68,0.0,0.413,0.043,4.308,0.509,0.0,1.493,0.918,0,0.041,0.0,0.0,0.0,0,0.0,2.0,1.27,3.400000095,0,0.0,0,0,0,0,0,0,0,0.971,0.959,0.536,190.0,1 cup,0,,0,0.0,0.0
20067,No Category,SORGHUM,Крупы,Сорго,Обыкновенный,339,9.2,11.3,74.63,3.3,28,287,0,6,350,4.4,0.0,0.0,0.0,0,0.0,0.0,0.237,0.142,2.927,0.0,0.0,0.0,1.49,0,0.065,0.0,0.0,0.0,0,0.0,0.0,1.57,6.300000191,0,0.0,0,0,0,0,0,0,0,0.993,1.37,0.457,192.0,1 cup,0,,0,0.0,0.0
12220,SEEDS,"SEEDS,FLAXSEED",Крупы,Семена,Льна,534,6.96,18.29,28.88,42.16,255,642,392,30,813,5.73,1.22,4.34,2.482,0,0.31,0.0,1.644,0.161,3.08,0.473,0.0,0.985,5.9,0,22.8,0.0,0.0,0.0,79,25.4,0.0,3.72,27.29999924,0,1.549999952,0,0,0,651,0,0,0,7.527,28.73,3.663,167.71,"1 cup, whole",10,"1 tbsp, whole",0,0.6,4.3
20038,No Category,OATS,Крупы,Овес,Обыкновенный,389,8.22,16.89,66.27,6.9,54,523,177,2,429,4.72,0.626,3.97,4.916,0,1.09,0.0,0.763,0.139,0.961,0.119,0.0,1.349,2.42,0,0.111,0.0,0.0,0.0,0,0.0,0.0,1.72,10.60000038,0,0.0,0,0,0,0,0,0,0,2.178,2.535,1.217,156.0,1 cup,0,,0,0.0,0.0
20005,BARLEY,"BARLEY,PEARLED,RAW",Крупы,Перловка,Обыкновенный,352,10.09,9.91,77.72,1.16,29,221,79,9,280,2.5,0.42,2.13,1.322,1,0.02,0.0,0.191,0.114,4.604,0.26,0.0,0.282,0.505,0,0.055,0.0,0.0,0.0,38,37.7,0.0,1.11,15.60000038,0,0.800000012,0,13,0,160,0,0,0,0.149,0.56,0.244,200.0,1 cup,0,,22,0.0,2.2
12036,SUNFLOWER SD KRNLS,"SUNFLOWER SD KRNLS,DRIED",Крупы,Семена,Подсолнечника,584,4.73,20.78,20.0,51.46,78,660,325,9,645,5.25,1.8,5.0,1.95,3,33.23,0.0,1.48,0.355,8.335,1.345,0.0,1.13,23.0,0,0.06,0.0,0.014,0.0,55,53.0,0.0,3.02,8.600000381,0,2.619999886,0,30,0,0,0,46,0,18.528,23.137,4.455,46.0,"1 cup, with hulls edible yield",140,1 cup,50,1.4,0.0
12014,PUMPKIN&SQUASH SD KRNLS,"PUMPKIN&SQUASH SD KRNLS,DRIED",Крупы,Семена,Тыквы и кабочка,541,6.92,24.54,17.81,45.85,43,1174,535,18,807,14.97,1.387,7.46,3.021,19,0.0,0.0,0.21,0.32,1.745,0.224,0.0,0.339,20.7,0,0.12,0.131,0.0,0.0,63,5.6,0.0,4.88,3.900000095,0,1.0,0,228,0,0,0,26,0,14.258,20.904,8.674,138.0,1 cup,28,"1 oz, hulled (142 seeds)",380,1.9,51.4
16069,LENTILS,"LENTILS,RAW",Крупы,Чечевица,Обыкновенный,353,10.4,25.8,60.08,1.06,56,451,122,6,955,7.54,0.519,4.78,1.33,2,0.49,0.0,0.873,0.211,2.605,0.54,0.0,2.14,0.414,0,0.112,0.0,0.0,0.0,96,8.3,0.0,2.67,30.5,0,2.029999971,0,23,0,0,0,0,0,0.189,0.516,0.156,192.0,1 cup,12,1 tablespoon,39,4.4,5.0
4520,FAT,"FAT,MUTTON TALLOW",Масло и жир,Животный Жир,Бараний,902,0.0,0.0,0.0,100.0,0,0,0,0,0,0.0,0.0,0.0,0.0,0,2.8,0.7,0.0,0.0,0.0,0.0,0.0,0.0,5.5,0,2.3,0.0,0.0,0.0,80,0.2,0.0,0.0,0.0,102,0.0,0,0,0,0,0,0,0,40.6,7.8,47.3,205.0,1 cup,13,1 tbsp,0,0.0,0.0
4001,FAT,"FAT,BEEF TALLOW",Масло и жир,Животный Жир,Говяжий,902,0.0,0.0,0.0,100.0,0,0,0,0,0,0.0,0.0,0.0,0.0,0,2.7,0.7,0.0,0.0,0.0,0.0,0.0,0.0,3.1,0,0.6,0.0,0.0,0.0,80,0.2,0.0,0.0,0.0,109,0.0,0,0,0,0,0,0,0,41.8,4.0,49.8,205.0,1 cup,13,1 tbsp,0,0.0,0.0
4576,FAT,"FAT,GOOSE",Масло и жир,Животный Жир,Гусиный,900,0.2,0.0,0.0,99.8,0,0,0,0,0,0.0,0.0,0.0,0.0,0,2.7,0.0,0.0,0.0,0.0,0.0,0.0,0.0,9.8,0,0.5,0.0,0.0,0.0,0,0.2,0.0,0.0,0.0,100,0.0,0,0,0,0,0,0,0,56.7,11.0,27.7,205.0,1 cup,13,1 tbsp,0,0.0,0.0
5047,CHICKEN,"CHICKEN,BROILERS OR FRYERS,FAT,RAW",Масло и жир,Животный Жир,Куринный,629,28.91,3.73,0.0,67.95,7,54,6,32,64,0.7,0.029,0.45,0.014,130,2.73,3.3,0.021,0.059,2.041,0.02,0.07,0.19,13.3,0,0.7,0.04,0.0,0.0,16,9.7,0.0,0.28,0.0,58,0.0,0,55,0,0,0,0,125,30.3,14.2,20.25,12.8,1 tbsp,32,"1 unit,  (yield from 1 lb ready-to-cook chicken)",509,0.0,2.4
4053,OIL,"OIL,OLIVE,SALAD OR COOKING",Масло и жир,Растительное Масло,Оливковое,884,0.0,0.0,0.0,100.0,1,0,0,2,1,0.56,0.0,0.0,0.0,0,14.35,0.0,0.0,0.0,0.0,0.0,0.0,0.0,9.76,0,0.761,0.0,0.0,0.0,0,0.0,0.0,0.0,0.0,0,0.0,0,0,0,0,0,0,0,72.961,10.523,13.808,13.5,1 tablespoon,216,1 cup,0,0.0,60.2
4506,OIL,"OIL,VEG,SUNFLOWER,LINOLEIC,(APPROX. 65%)",Масло и жир,Растительное Масло,"Подсолнечное, Линолевое (Около 65%)",884,0.0,0.0,0.0,100.0,0,0,0,0,0,0.0,0.0,0.0,0.0,0,41.08,0.0,0.0,0.0,0.0,0.0,0.0,0.0,65.7,0,0.0,0.0,0.0,0.0,0,0.0,0.0,0.0,0.0,0,0.0,0,0,0,0,0,0,0,19.5,65.7,10.3,13.6,1 tbsp,218,1 cup,0,0.0,5.4
4047,VEGETABLE OIL,"VEGETABLE OIL,COCONUT",Масло и жир,Растительное Масло,Кокосовое,862,0.0,0.0,0.0,100.0,0,0,0,0,0,0.04,0.0,0.0,0.0,0,0.09,0.0,0.0,0.0,0.0,0.0,0.0,0.0,1.68,0,0.019,0.0,0.0,0.0,0,0.0,0.0,0.0,0.0,0,0.0,0,0,0,0,0,0,0,5.8,1.8,86.5,13.6,1 tbsp,218,1 cup,0,0.0,0.5
4589,FISH OIL,"FISH OIL,COD LIVER",Масло и жир,Рыбий Жир,Печень Трески,902,0.0,0.0,0.0,100.0,0,0,0,0,0,0.0,0.0,0.0,0.0,30000,0.0,250.0,0.0,0.0,0.0,0.0,0.0,0.0,0.935,0,0.935,0.935,6.9,11.0,0,0.0,8.387,0.0,0.0,570,0.0,0,0,0,0,0,0,30000,46.711,22.541,22.608,218.0,1 cup,14,1 tbsp,100000,0.0,0.0
13023,BEEF,"BEEF,BRISKET,WHL,LN,ALL GRDS,RAW",Мясо,Говядина,Грудинка,155,70.29,20.72,0.0,7.37,5,201,23,79,330,1.92,0.08,4.31,0.014,0,0.32,0.2,0.1,0.17,3.94,0.42,2.43,0.35,0.18,0,0.02,0.03,0.0,0.0,86,16.4,1.0,1.02,0.0,62,0.0,0,0,0,0,0,30,0,3.46,0.23,2.59,28.35,1 oz,454,1 lb,0,0.0,1.3
13328,BEEF,"BEEF,VAR MEATS&BY-PRODUCTS,LUNGS,RAW",Мясо,Говядина,Лёгкие,92,79.38,16.2,0.0,2.5,10,224,14,198,340,7.95,0.26,1.61,0.019,14,0.0,0.0,0.047,0.23,4.0,0.04,3.81,1.0,0.17,0,0.02,0.14,0.0,0.0,0,44.3,0.0,0.98,0.0,242,0.0,0,0,0,0,0,24,14,0.64,0.34,0.86,28.35,1 oz,113,4 oz,46,38.5,0.0
13325,BEEF,"BEEF,VAR MEATS&BY-PRODUCTS,LIVER,RAW",Мясо,Говядина,Печень,135,70.81,20.36,3.89,3.63,5,387,18,69,313,4.9,9.755,4.0,0.31,4968,0.38,1.2,0.189,2.755,13.175,1.083,59.3,7.173,0.299,0,0.016,0.141,0.0,0.0,333,39.7,4.3,1.31,0.0,275,0.0,11,232,13,0,0,0,4948,0.479,0.481,1.233,0.0,,0,,16898,1.3,3.1
13323,BEEF,"BEEF,VAR MEATS&BY-PRODUCTS,KIDNEYS,RAW",Мясо,Говядина,Почки,103,77.89,17.4,0.29,3.09,13,257,17,182,262,4.6,0.426,1.92,0.142,419,0.22,1.1,0.357,2.84,8.03,0.665,27.5,3.97,0.292,0,0.013,0.228,0.0,0.0,0,141.0,10.5,1.33,0.0,411,0.0,0,0,0,0,20,16,419,0.586,0.545,0.868,28.35,1 oz,113,4 oz,1397,9.4,0.0
13321,BEEF,"BEEF,VAR MEATS&BY-PRODUCTS,HEART,RAW",Мясо,Говядина,Сердце,112,77.11,17.72,0.14,3.94,7,212,21,98,287,4.31,0.396,1.7,0.035,0,0.22,0.0,0.238,0.906,7.53,0.279,8.55,1.79,0.395,0,0.016,0.128,0.0,0.0,0,21.8,1.9,1.1,0.0,124,0.0,0,0,0,0,17,29,0,1.137,0.546,1.383,28.35,1 oz,113,4 oz,0,2.0,0.0
13339,BEEF,"BEEF,VAR MEATS&BY-PRODUCTS,TONGUE,RAW",Мясо,Говядина,Язык,224,64.53,14.9,3.68,16.09,6,133,16,69,315,2.95,0.17,2.87,0.026,0,0.0,0.0,0.125,0.34,4.24,0.31,3.79,0.653,0.58,0,0.0,0.31,0.0,0.0,0,9.4,2.3,0.8,0.0,87,0.0,0,0,0,0,0,16,0,7.24,0.9,7.0,28.35,1 oz,113,4 oz,0,3.1,0.0
5148,GOOSE,"GOOSE,DOMESTICATED,MEAT ONLY,RAW",Мясо,Гусятина,Мясо,161,68.3,22.75,0.0,7.13,13,312,24,87,420,2.57,0.306,2.34,0.024,12,0.0,0.0,0.129,0.377,4.278,0.64,0.49,1.973,0.8,0,0.1,0.0,0.0,0.0,0,16.8,0.0,1.1,0.0,84,0.0,0,0,0,0,0,53,12,1.85,0.9,2.79,185.0,"1 unit,  (yield from 1 lb ready-to-cook goose)",766,.5 goose,40,7.2,0.0
5150,GOOSE,"GOOSE,LIVER,RAW",Мясо,Гусятина,Печень,133,71.78,16.37,6.32,4.28,43,261,24,140,230,30.53,7.522,3.07,0.0,9309,0.0,0.0,0.562,0.892,6.5,0.76,54.0,6.184,0.18,0,0.01,0.07,0.0,0.0,0,68.1,0.0,1.25,0.0,515,0.0,0,0,0,0,0,0,9309,0.81,0.26,1.59,94.0,1 liver,11,"1 unit,  (yield from 1 lb ready-to-cook goose)",30998,4.5,0.0
5185,TURKEY,"TURKEY,ALL CLASSES,LT MEAT,RAW",Мясо,Индейка,Белое Мясо,115,73.82,23.56,0.0,1.56,12,204,27,63,305,1.19,0.075,1.62,0.019,0,0.0,0.1,0.064,0.122,5.844,0.56,0.45,0.688,0.2,0,0.009,0.028,0.0,0.002,0,24.4,0.0,1.0,0.0,60,0.0,0,0,0,0,0,29,0,0.27,0.42,0.5,150.0,"1 unit,  (yield from 1 lb ready-to-cook turkey)",1156,".5 turkey, bone and skin removed",0,0.0,0.0
5173,TURKEY,"TURKEY,GIZZARD,ALL CLASSES,RAW",Мясо,Индейка,Желудки,118,76.18,19.14,0.0,4.58,6,140,16,72,322,4.31,0.114,2.86,0.048,0,0.05,0.5,0.04,0.179,4.78,0.12,6.86,0.914,0.53,0,0.023,0.096,0.0,0.007,90,29.2,0.0,1.0,0.0,197,0.0,0,0,0,0,0,0,0,1.588,0.777,1.312,98.67,1 gizzard,0,,0,6.2,0.0
5167,TURKEY,"TURKEY,ALL CLASSES,MEAT ONLY,RAW",Мясо,Индейка,Мясо,119,74.16,21.77,0.0,2.86,14,195,25,70,296,1.45,0.109,2.37,0.021,0,0.35,0.2,0.072,0.168,4.544,0.47,0.43,0.907,0.339,0,0.017,0.031,0.0,0.002,70,26.5,0.0,0.97,0.0,65,0.0,0,0,0,0,0,33,0,0.61,0.83,0.95,281.0,"1 unit,  (yield from 1 lb ready-to-cook turkey)",2174,".5 turkey, bone and skin removed",0,0.0,2.7
5177,TURKEY,"TURKEY,LIVER,ALL CLASSES,RAW",Мясо,Индейка,Печень,228,62.29,17.84,2.26,16.36,5,279,15,71,255,12.0,0.407,2.26,0.195,21702,0.12,1.3,0.153,2.59,13.5,1.47,49.4,6.28,1.13,0,0.039,0.378,0.009,0.045,222,70.8,0.0,1.25,0.0,331,0.0,0,29,0,0,0,0,21700,7.397,1.65,5.507,100.47,1 liver,0,,72382,24.5,0.8
5175,TURKEY,"TURKEY,HEART,ALL CLASSES,RAW",Мясо,Индейка,Сердце,113,76.62,17.13,0.41,4.79,6,222,22,94,295,4.18,0.394,3.37,0.058,23,0.04,0.4,0.212,0.97,4.75,0.441,15.4,3.12,1.79,0,0.097,0.205,0.002,0.006,127,35.9,0.0,1.05,0.0,147,0.0,0,23,0,0,21,0,21,1.391,1.272,1.316,27.15,1 heart,272,10 hearts,107,3.0,0.0
5187,TURKEY,"TURKEY,ALL CLASSES,DK MEAT,RAW",Мясо,Индейка,Тёмное Мясо,125,74.48,20.07,0.0,4.38,17,184,22,77,286,1.75,0.147,3.22,0.022,0,0.0,0.3,0.081,0.221,3.075,0.36,0.4,1.155,0.524,0,0.028,0.036,0.001,0.002,0,28.6,0.0,0.93,0.0,69,0.0,0,0,0,0,0,36,0,0.99,1.31,1.47,132.0,"1 unit,  (yield from 1 lb ready-to-cook turkey)",1017,".5 turkey, bone and skin removed",0,0.0,0.0
17168,GOAT,"GOAT,RAW",Мясо,Козлятина,Мясо,109,75.84,20.6,0.0,2.31,13,180,0,82,385,2.83,0.256,4.0,0.038,0,0.0,0.0,0.11,0.49,3.75,0.0,1.13,0.0,0.1,0,0.02,0.06,0.0,0.0,0,8.8,1.0,1.11,0.0,57,0.0,0,0,0,0,0,0,0,1.03,0.17,0.71,28.35,1 oz,454,1 lb,0,0.0,0.0
5062,CHICKEN,"CHICKEN,BROILERS OR FRYERS,BREAST,MEAT ONLY,RAW",Мясо,Курица,Грудка,110,74.76,23.09,0.0,1.24,11,196,28,65,255,0.72,0.041,0.8,0.018,6,0.13,0.0,0.07,0.092,11.194,0.55,0.38,0.819,0.319,0,0.013,0.048,0.003,0.004,73,17.8,1.4,1.02,0.0,58,0.0,0,0,0,0,0,35,6,0.3,0.28,0.33,71.0,"1 unit,  (yield from 1 lb ready-to-cook chicken)",118,".5 breast, bone and skin removed",21,1.2,0.2
5023,CHICKEN,"CHICKEN,GIZZARD,ALL CLASSES,RAW",Мясо,Курица,Желудок,94,79.33,17.66,0.0,2.06,11,148,15,69,237,2.49,0.116,2.72,0.055,19,0.33,0.0,0.028,0.231,3.68,0.112,1.21,0.631,0.246,0,0.003,0.086,0.0,0.0,0,25.5,0.7,0.95,0.0,240,0.0,0,0,0,0,0,0,19,0.512,0.357,0.529,0.0,,0,,64,3.7,0.0
5011,CHICKEN,"CHICKEN,BROILERS OR FRYERS,MEAT ONLY,RAW",Мясо,Курица,Мясо,119,75.46,21.39,0.0,3.08,12,173,25,77,229,0.89,0.053,1.54,0.019,16,0.21,0.1,0.073,0.142,8.239,0.43,0.37,1.058,0.55,0,0.02,0.08,0.01,0.03,66,15.7,1.8,0.96,0.0,70,0.0,0,0,0,0,0,52,16,0.9,0.75,0.79,197.0,"1 unit,  (yield from 1 lb ready-to-cook chicken)",329,".5 chicken, bone and skin removed",52,2.3,1.8
5080,CHICKEN,"CHICKEN,BROILERS OR FRYERS,LEG,MEAT ONLY,RAW",Мясо,Курица,Нога,120,76.13,20.13,0.0,3.81,11,167,23,86,229,1.02,0.064,2.06,0.021,18,0.32,0.0,0.079,0.193,6.067,0.33,0.36,1.178,0.753,0,0.036,0.098,0.004,0.013,62,13.5,5.0,0.94,0.0,80,0.0,0,0,0,0,0,43,18,1.18,0.95,0.98,78.0,"1 leg, bone and skin removed (yield from 1 lb ready-to-cook chicken)",130,"1 leg, bone and skin removed",61,0.0,2.9
5027,CHICKEN,"CHICKEN,LIVER,ALL CLASSES,RAW",Мясо,Курица,Печень,116,76.46,16.92,0.0,4.83,8,297,19,71,230,8.99,0.492,2.67,0.255,3296,0.7,0.0,0.305,1.778,9.728,0.853,16.58,6.233,0.475,0,0.012,0.326,0.0,0.0,194,54.6,2.7,1.06,0.0,345,0.0,11,56,11,0,40,0,3290,1.249,1.306,1.563,0.0,,0,,11078,17.9,0.0
5025,CHICKEN,"CHICKEN,HEART,ALL CLASSES,RAW",Мясо,Курица,Сердце,153,73.56,15.55,0.71,9.33,12,177,15,74,176,5.96,0.346,6.59,0.089,9,0.0,0.0,0.152,0.728,4.883,0.36,7.29,2.559,1.91,0,0.07,0.72,0.0,0.0,0,4.3,1.2,0.85,0.0,136,0.0,0,0,0,0,0,0,9,2.37,2.71,2.66,6.1,1 heart,2,"1 unit,  (yield from 1 lb ready-to-cook chicken)",30,3.2,0.0
5159,QUAIL,"QUAIL,BREAST,MEAT ONLY,RAW",Мясо,Перепелка,Грудка,123,71.67,22.59,0.0,2.99,10,228,28,55,260,2.31,0.433,2.7,0.018,11,0.0,0.0,0.24,0.243,8.2,0.53,0.47,0.787,0.62,0,0.02,0.08,0.01,0.0,0,18.8,3.1,1.27,0.0,58,0.0,0,0,0,0,0,0,11,0.84,0.77,0.87,208.0,"1 unit,  (yield from 1 lb ready-to cook quail)",56,1 breast,37,5.1,0.0
5158,QUAIL,"QUAIL,MEAT ONLY,RAW",Мясо,Перепелка,Мясо,134,70.03,21.76,0.0,4.53,13,307,25,51,237,4.51,0.594,2.7,0.019,17,0.0,0.0,0.283,0.285,8.2,0.53,0.47,0.787,0.93,0,0.02,0.12,0.01,0.0,0,17.4,3.1,1.32,0.0,70,0.0,0,0,0,0,0,24,17,1.28,1.17,1.32,92.0,1 quail,342,"1 unit,  (yield from 1 lb ready-to cook quail)",57,7.2,0.0
10119,PORK,"PORK,FRSH,VAR MEATS&BY-PRODUCTS,STOMACH,RAW",Мясо,Свинина,Желудок,159,73.5,16.85,0.0,10.14,11,130,11,75,140,1.01,0.169,1.85,0.038,0,0.04,0.0,0.051,0.201,2.48,0.034,0.3,1.22,0.724,0,0.021,0.11,0.0,0.0,195,31.1,0.0,0.63,0.0,223,0.0,0,0,0,0,0,0,0,3.59,0.892,4.025,28.35,1 oz,113,4 oz,0,0.0,0.0
10024,PORK,"PORK,FRSH,LOIN,WHL,LN,RAW",Мясо,Свинина,Мясо,143,72.23,21.43,0.0,5.66,17,211,23,52,389,0.84,0.062,1.84,0.012,2,0.18,0.5,0.989,0.267,4.915,0.527,0.63,0.781,0.49,0,0.02,0.07,0.0,0.0,76,36.1,1.8,1.05,0.0,59,0.0,0,0,0,0,0,30,2,2.56,0.61,1.95,453.6,1 lb,106,"1 chop, excluding refuse (yield from 1 raw chop, with refuse, weighing 151 g)",7,0.6,0.0
10110,PORK,"PORK,FRSH,VAR MEATS&BY-PRODUCTS,LIVER,RAW",Мясо,Свинина,Печень,134,71.06,21.39,2.47,3.65,9,288,18,87,273,23.3,0.677,5.76,0.344,6502,0.0,0.0,0.283,3.005,15.301,0.69,26.0,6.65,0.35,0,0.03,0.44,0.0,0.02,0,52.7,3.1,1.44,0.0,301,0.0,0,0,0,0,0,0,6502,0.52,0.87,1.17,28.35,1 oz,113,4 oz,21650,25.3,0.0
10106,PORK,"PORK,FRSH,VAR MEATS&BY-PRODUCTS,KIDNEYS,RAW",Мясо,Свинина,Почки,100,80.06,16.46,0.0,3.25,9,204,17,121,229,4.89,0.622,2.75,0.123,59,0.0,0.0,0.34,1.697,8.207,0.44,8.49,3.13,0.17,0,0.01,0.08,0.0,0.0,0,190.0,0.0,1.17,0.0,319,0.0,0,0,0,0,0,7,59,1.07,0.26,1.04,28.35,1 oz,233,1 kidney,198,13.3,0.0
10103,PORK,"PORK,FRSH,VAR MEATS&BY-PRODUCTS,HEART,RAW",Мясо,Свинина,Сердце,118,76.21,17.27,1.33,4.36,5,169,19,56,294,4.68,0.408,2.8,0.063,8,0.63,0.0,0.613,1.185,6.765,0.39,3.79,2.515,0.77,0,0.08,0.27,0.0,0.0,0,10.4,0.0,0.84,0.0,131,0.0,0,0,0,0,0,0,8,1.02,1.12,1.16,28.35,1 oz,226,1 heart,25,5.3,0.0
10174,PORK,"PORK,FRSH,VAR MEATS&BY-PRODUCTS,TAIL,RAW",Мясо,Свинина,Хвост,378,46.05,17.75,0.0,33.5,18,50,8,63,349,0.99,0.084,2.31,0.011,0,0.0,0.0,0.21,0.11,2.06,0.37,0.88,0.673,3.19,0,0.28,0.21,0.0,0.0,0,2.7,0.0,0.5,0.0,97,0.0,0,0,0,0,0,30,0,15.8,3.68,11.64,28.35,1 oz,113,4 oz,0,0.0,0.0
10121,PORK,"PORK,FRSH,VAR MEATS&BY-PRODUCTS,TONGUE,RAW",Мясо,Свинина,Язык,225,65.9,16.3,0.0,17.2,16,193,18,110,243,3.35,0.07,3.01,0.011,0,0.29,0.0,0.49,0.485,5.3,0.24,2.84,0.641,1.7,0,0.08,0.0,0.0,0.0,0,10.4,7.7,0.9,0.0,101,0.0,0,0,0,0,0,16,0,8.13,1.78,5.96,28.35,1 oz,113,4 oz,0,4.4,0.0
17207,VEAL,"VEAL,VAR MEATS&BY-PRODUCTS,LUNGS,RAW",Мясо,Телятина,Легкие,90,80.5,16.3,0.0,2.3,7,288,12,108,274,5.23,0.241,1.16,0.018,0,0.0,0.0,0.047,0.231,4.025,0.11,3.83,0.0,0.17,0,2.3,0.0,0.0,0.0,0,17.2,0.0,1.1,0.0,229,0.0,0,0,0,0,0,24,0,0.59,0.31,0.79,28.35,1 oz,113,4 oz,0,39.0,0.0
17090,VEAL,"VEAL,COMP OF RTL CUTS,LN,RAW",Мясо,Телятина,Мясо,112,75.91,20.2,0.0,2.87,15,211,25,86,328,0.85,0.113,3.23,0.029,0,0.26,0.0,0.08,0.28,7.83,0.43,1.4,1.37,0.21,0,0.01,0.08,0.0,0.0,0,8.6,0.0,1.08,0.0,83,0.0,0,0,0,0,0,35,0,0.92,0.3,0.86,28.35,1 oz,454,1 lb,0,0.0,0.0
17202,VEAL,"VEAL,VAR MEATS&BY-PRODUCTS,LIVER,RAW",Мясо,Телятина,Печень,140,70.89,19.93,2.91,4.85,5,379,20,77,308,6.4,11.865,12.02,0.255,11707,0.37,0.0,0.173,2.44,10.55,0.957,59.85,6.065,0.517,0,0.035,0.266,0.0,0.0,310,22.7,0.0,1.42,0.0,334,0.0,13,11,11,0,0,0,11705,0.968,0.829,1.56,0.0,,0,,39056,0.7,0.9
17197,VEAL,"VEAL,VAR MEATS&BY-PRODUCTS,KIDNEYS,RAW",Мясо,Телятина,Почки,99,79.07,15.76,0.85,3.12,11,241,16,178,272,3.36,0.494,1.97,0.08,92,0.0,0.0,0.32,1.9,6.99,0.37,28.2,3.3,0.3,0,0.04,0.18,0.05,0.02,0,80.0,0.0,1.2,0.0,364,0.0,0,0,0,0,0,12,92,0.68,0.62,0.96,28.35,1 oz,113,4 oz,308,5.0,0.0
17193,VEAL,"VEAL,VAR MEATS&BY-PRODUCTS,HEART,RAW",Мясо,Телятина,Сердце,110,77.69,17.18,0.08,3.98,5,211,18,77,261,4.24,0.34,1.47,0.036,0,0.0,0.0,0.52,1.0,6.4,0.43,13.76,2.78,0.71,0,0.03,0.24,0.03,0.0,0,33.3,0.0,1.07,0.0,104,0.0,0,0,0,0,0,26,0,0.84,1.05,1.07,28.35,1 oz,113,4 oz,0,8.0,0.0
17222,VEAL,"VEAL,VAR MEATS&BY-PRODUCTS,TONGUE,RAW",Мясо,Телятина,Язык,131,74.53,17.18,1.91,5.48,7,159,17,82,271,2.72,0.2,2.63,0.023,0,0.0,0.0,0.17,0.41,2.22,0.19,6.1,1.2,0.2,0,0.0,0.0,0.0,0.0,0,7.0,0.0,0.89,0.0,62,0.0,0,0,0,0,0,16,0,2.51,0.31,2.35,28.35,1 oz,113,4 oz,1,5.0,0.0
5141,DUCK,"DUCK,DOMESTICATED,MEAT ONLY,RAW",Мясо,Утятина,Мясо,132,73.77,18.28,0.0,5.95,11,203,19,74,271,2.4,0.253,1.9,0.019,24,0.7,0.1,0.36,0.45,5.3,0.34,0.4,1.6,0.67,0,0.08,0.0,0.0,0.0,54,13.9,1.2,1.06,0.0,77,0.0,0,0,0,0,0,66,24,1.54,0.75,2.32,137.0,"1 unit,  (yield from 1 lb ready-to-cook duck)",303,.5 duck,79,5.8,2.8
5143,DUCK,"DUCK,DOMESTICATED,LIVER,RAW",Мясо,Утятина,Печень,136,71.78,18.74,3.53,4.64,11,269,24,140,230,30.53,5.962,3.07,0.258,11984,0.0,0.0,0.562,0.892,6.5,0.76,54.0,6.184,0.37,0,0.0,0.26,0.0,0.0,0,67.0,0.0,1.32,0.0,515,0.0,0,0,0,0,0,0,11984,0.71,0.63,1.44,44.0,1 liver,10,"1 unit,  (yield from 1 lb ready-to-cook duck)",39907,4.5,0.0
5152,GUINEA HEN,"GUINEA HEN,MEAT ONLY,RAW",Мясо,Цесарка,Мясо,110,74.44,20.64,0.0,2.47,11,169,24,69,220,0.77,0.044,1.2,0.018,12,0.0,0.0,0.067,0.112,8.782,0.47,0.37,0.936,0.4,0,0.02,0.07,0.01,0.03,0,17.5,0.0,1.25,0.0,63,0.0,0,0,0,0,0,36,12,0.68,0.59,0.64,275.0,"1 unit,  (yield from 1 lb ready-to-cook guinea)",264,.5 guinea,41,1.7,0.0
17205,LAMB,"LAMB,VAR MEATS&BY-PRODUCTS,LUNGS,RAW",Мясо,Ягненок,Лёгкие,95,79.7,16.7,0.0,2.6,10,219,14,157,238,6.4,0.254,1.8,0.019,27,0.0,0.0,0.048,0.237,4.124,0.11,3.93,0.0,0.0,0,0.0,0.0,0.0,0.0,0,17.7,0.0,1.1,0.0,0,0.0,0,0,0,0,0,24,27,0.67,0.35,0.89,28.35,1 oz,113,4 oz,89,31.0,0.0
17209,LAMB,"LAMB,VAR MEATS&BY-PRODUCTS,MECHANICALLY SEPARATED,RAW",Мясо,Ягненок,Мясо,276,58.68,14.97,0.0,23.54,162,337,18,59,288,5.9,0.058,3.72,0.012,0,0.0,0.0,0.072,0.118,2.546,0.11,2.56,0.0,0.29,0,0.06,0.0,0.0,0.0,0,20.1,0.0,1.21,0.0,213,0.0,0,0,0,0,0,0,0,8.45,0.76,11.79,28.35,1 oz,227,8 oz,0,0.0,0.0
17199,LAMB,"LAMB,VAR MEATS&BY-PRODUCTS,LIVER,RAW",Мясо,Ягненок,Печень,139,71.37,20.38,1.78,5.02,7,364,19,70,313,7.37,6.979,4.66,0.184,7391,0.0,0.0,0.34,3.63,16.11,0.9,90.05,6.13,0.32,0,0.07,0.36,0.0,0.0,0,82.4,0.0,1.44,0.0,371,0.0,0,0,0,0,0,0,7391,1.05,0.75,1.94,28.35,1 oz,113,4 oz,24612,4.0,0.0
17195,LAMB,"LAMB,VAR MEATS&BY-PRODUCTS,KIDNEYS,RAW",Мясо,Ягненок,Почки,97,79.23,15.74,0.82,2.95,13,246,17,156,277,6.38,0.446,2.24,0.118,95,0.0,0.0,0.62,2.24,7.51,0.22,52.41,4.22,0.21,0,0.07,0.14,0.05,0.03,0,126.9,0.0,1.26,0.0,337,0.0,0,0,0,0,0,3,95,0.63,0.55,1.0,28.35,1 oz,113,4 oz,316,11.0,0.0
17191,LAMB,"LAMB,VAR MEATS&BY-PRODUCTS,HEART,RAW",Мясо,Ягненок,Сердце,122,76.71,16.47,0.21,5.68,6,175,17,89,316,4.6,0.397,1.87,0.046,0,0.0,0.0,0.37,0.99,6.14,0.39,10.25,2.63,0.24,0,0.13,0.09,0.04,0.03,0,32.0,0.0,0.93,0.0,135,0.0,0,0,0,0,0,22,0,1.6,0.55,2.25,28.35,1 oz,113,4 oz,0,5.0,0.0
17220,LAMB,"LAMB,VAR MEATS&BY-PRODUCTS,TONGUE,RAW",Мясо,Ягненок,Язык,222,66.6,15.7,0.0,17.17,9,184,21,78,257,2.65,0.212,2.32,0.049,0,0.0,0.0,0.15,0.38,4.65,0.18,7.2,0.97,0.48,0,0.51,0.06,0.0,0.0,0,15.0,0.0,0.92,0.0,156,0.0,0,0,0,0,0,16,0,8.46,1.06,6.63,28.35,1 oz,113,4 oz,0,6.0,0.0
15114,TROUT,"TROUT,MIXED SPECIES,RAW",Мясо,Рыба,Форель,148,71.42,20.77,0.0,6.61,43,245,22,52,361,1.5,0.188,0.66,0.851,17,0.2,3.9,0.35,0.33,4.5,0.2,7.79,1.94,0.175,0,0.155,0.189,0.202,0.528,65,12.6,7.4,1.17,0.0,58,0.0,0,0,0,0,0,0,17,3.254,1.499,1.149,79.0,1 fillet,85,3 oz,57,0.5,0.1
11300,PEAS,"PEAS,EDIBLE-PODDED,RAW",Овощи и фрукты,Горох,В Стручках,42,88.89,2.8,7.55,0.2,43,53,24,4,200,2.08,0.079,0.27,0.244,54,0.39,0.0,0.15,0.08,0.6,0.16,0.0,0.75,0.075,0,0.013,0.0,0.0,0.0,17,0.7,0.0,0.56,2.599999905,0,4.0,44,630,0,740,0,6,0,0.021,0.089,0.039,98.0,"1 cup, chopped",63,"1 cup, whole",1087,60.0,25.0
11304,PEAS,"PEAS,GREEN,RAW",Овощи и фрукты,Горох,Зелёный Горошек,81,78.86,5.42,14.45,0.4,25,108,33,5,244,1.47,0.176,1.24,0.41,38,0.13,0.0,0.266,0.132,2.09,0.169,0.0,0.104,0.152,0,0.035,0.0,0.0,0.0,28,1.8,0.5,0.87,5.099999905,0,5.670000076,21,449,0,2477,0,62,0,0.035,0.187,0.071,145.0,1 cup,0,,765,40.0,24.8
11641,SQUASH,"SQUASH,SMMR,ALL VAR,RAW",Овощи и фрукты,Кабачок,Обыкновенный,16,94.64,1.21,3.35,0.18,15,38,17,2,262,0.35,0.051,0.29,0.175,10,0.12,0.0,0.048,0.142,0.487,0.218,0.0,0.155,0.033,0,0.056,0.0,0.0,0.0,7,0.2,0.3,0.62,1.100000024,0,2.200000048,0,120,0,2125,0,5,0,0.016,0.089,0.044,113.0,"1 cup, sliced",323,1 large,200,17.0,3.0
11109,CABBAGE,"CABBAGE,RAW",Овощи и фрукты,Капуста,Белокочанная,25,92.18,1.28,5.8,0.1,40,26,12,18,170,0.47,0.019,0.18,0.16,5,0.15,0.0,0.061,0.04,0.234,0.124,0.0,0.212,0.017,0,0.0,0.0,0.0,0.0,11,0.3,0.75,0.64,2.5,0,3.200000048,33,42,0,30,0,20,0,0.017,0.017,0.034,89.0,"1 cup, chopped",70,"1 cup, shredded",98,36.6,76.0
11090,BROCCOLI,"BROCCOLI,RAW",Овощи и фрукты,Капуста,Брокколи,34,89.3,2.82,6.64,0.37,47,66,21,33,316,0.73,0.049,0.41,0.21,31,0.78,0.0,0.071,0.117,0.639,0.175,0.0,0.573,0.049,0,0.063,0.0,0.0,0.0,19,2.5,0.6,0.87,2.599999905,0,1.700000048,25,361,1,1403,0,39,0,0.011,0.038,0.039,90.93,"1 cup, chopped",608,1 bunch,623,89.2,101.6
11098,BRUSSELS SPROUTS,"BRUSSELS SPROUTS,RAW",Овощи и фрукты,Капуста,Брюссельская,43,86.0,3.38,8.95,0.3,42,69,23,25,389,1.4,0.07,0.42,0.337,38,0.88,0.0,0.139,0.09,0.745,0.219,0.0,0.309,0.045,0,0.099,0.001,0.0,0.0,19,1.6,0.0,1.37,3.799999952,0,2.200000048,6,450,0,1590,0,10,0,0.023,0.153,0.062,88.0,1 cup,19,1 sprout,754,85.0,177.0
11112,CABBAGE,"CABBAGE,RED,RAW",Овощи и фрукты,Капуста,Краснокочанная,31,90.39,1.43,7.37,0.16,45,30,16,27,243,0.8,0.017,0.22,0.243,56,0.11,0.0,0.064,0.069,0.418,0.209,0.0,0.147,0.034,0,0.045,0.001,0.0,0.0,17,0.6,0.0,0.64,2.099999905,0,3.829999924,0,670,0,329,20,20,0,0.012,0.08,0.021,89.0,"1 cup, chopped",70,"1 cup, shredded",1116,57.0,38.2
11135,CAULIFLOWER,"CAULIFLOWER,RAW",Овощи и фрукты,Капуста,Цветная,25,91.91,1.98,5.3,0.1,22,44,15,30,303,0.44,0.042,0.28,0.156,1,0.08,0.0,0.057,0.063,0.526,0.222,0.0,0.652,0.016,0,0.015,0.0,0.0,0.0,45,0.6,0.5,0.71,2.5,0,2.400000095,0,8,0,33,0,61,0,0.007,0.048,0.015,100.0,1 cup,13,1 floweret,13,46.4,16.0
11352,POTATO,"POTATO,FLESH & SKN,RAW",Овощи и фрукты,Картофель,Обыкновенный,77,79.34,2.02,17.47,0.09,12,57,23,6,421,0.78,0.108,0.29,0.153,0,0.01,0.0,0.08,0.032,1.054,0.295,0.0,0.296,0.032,0,0.01,0.0,0.0,0.0,12,0.3,1.2,1.08,2.200000048,0,0.779999971,0,1,0,8,0,25,0,0.002,0.043,0.026,369.0,"1 Potato, large (3"" to 4-1/4"" dia)",213,"1 Potato, medium (2-1/4"" to 3-1/4"" dia)",2,19.7,1.9
11124,CARROTS,"CARROTS,RAW",Овощи и фрукты,Морковь,Обыкновенный,41,88.29,0.93,9.58,0.24,33,35,12,69,320,0.3,0.045,0.24,0.143,835,0.66,0.0,0.066,0.058,0.983,0.138,0.0,0.273,0.1,0,0.002,0.0,0.0,0.0,9,0.1,1.8,0.97,2.799999952,0,4.739999771,3477,8285,0,256,1,11,0,0.014,0.117,0.037,128.0,"1 cup, chopped",110,"1 cup, grated",16706,5.9,13.2
11205,CUCUMBER,"CUCUMBER,WITH PEEL,RAW",Овощи и фрукты,Огурец,Обыкновенный,15,95.23,0.65,3.63,0.11,16,24,13,2,147,0.28,0.041,0.2,0.079,5,0.03,0.0,0.027,0.033,0.098,0.04,0.0,0.259,0.028,0,0.005,0.0,0.0,0.0,6,0.3,0.5,0.38,0.5,0,1.669999957,11,45,26,23,0,3,0,0.005,0.032,0.037,52.0,".5 cup, slices",301,"1 cucumber,  (8-1/4"")",105,2.8,16.4
11564,TURNIPS,"TURNIPS,RAW",Овощи и фрукты,Репа,Обыкновенный,28,91.87,0.9,6.43,0.1,30,27,11,67,191,0.3,0.085,0.27,0.134,0,0.03,0.0,0.04,0.03,0.4,0.09,0.0,0.2,0.012,0,0.04,0.0,0.0,0.0,11,0.7,0.3,0.7,1.799999952,0,3.799999952,0,0,0,0,0,19,0,0.006,0.053,0.011,130.0,"1 cup, cubes",183,1 large,0,21.0,0.1
11080,BEETS,"BEETS,RAW",Овощи и фрукты,Свёкла,Обыкновенный,43,87.58,1.61,9.56,0.17,16,40,23,78,325,0.8,0.075,0.35,0.329,2,0.04,0.0,0.031,0.04,0.334,0.067,0.0,0.155,0.055,0,0.005,0.0,0.0,0.0,6,0.7,0.5,1.08,2.799999952,0,6.760000229,0,20,0,0,0,33,0,0.032,0.06,0.027,136.0,1 cup,82,"1 beet,  (2"" dia)",33,4.9,0.2
11422,PUMPKIN,"PUMPKIN,RAW",Овощи и фрукты,Тыква,Обыкновенный,26,91.6,1.0,6.5,0.1,21,44,12,1,340,0.8,0.127,0.32,0.125,369,1.06,0.0,0.05,0.11,0.6,0.061,0.0,0.298,0.002,0,0.003,0.0,0.0,0.0,8,0.3,0.0,0.8,0.5,0,1.360000014,515,3100,2145,1500,0,30,0,0.013,0.005,0.052,116.0,"1 cup,  (1"" cubes)",0,,7384,9.0,1.1
11046,BEANS,"BEANS,NAVY,MATURE SEEDS,SPROUTED,RAW",Овощи и фрукты,Фасоль,"Белая, Пророщенные",67,79.15,6.15,13.05,0.7,15,100,101,13,307,1.93,0.356,0.89,0.408,0,0.0,0.0,0.39,0.215,1.22,0.191,0.0,0.825,0.147,0,0.26,0.0,0.0,0.0,0,0.6,1.0,0.95,0.0,0,0.0,0,0,0,0,0,0,0,0.052,0.407,0.085,104.0,1 cup,0,,4,18.8,0.0
11052,BEANS,"BEANS,SNAP,GREEN,RAW",Овощи и фрукты,Фасоль,"Зелёная Стручковая Фасоль,",31,90.27,1.82,7.13,0.12,37,38,25,6,209,1.04,0.069,0.24,0.214,35,0.41,0.0,0.084,0.105,0.752,0.074,0.0,0.094,0.044,0,0.069,0.0,0.0,0.0,15,0.6,1.0,0.66,3.400000095,0,1.399999976,69,379,0,640,0,12,0,0.005,0.059,0.026,110.0,1 cup,55,"10 beans,  (4"" long)",690,16.3,14.4
11029,BEANS,"BEANS,KIDNEY,MATURE SEEDS,SPROUTED,RAW",Овощи и фрукты,Фасоль,"Красная, Пророщенные",29,90.7,4.2,4.1,0.5,17,37,21,6,187,0.81,0.159,0.4,0.182,0,0.0,0.0,0.37,0.25,2.92,0.085,0.0,0.368,0.107,0,0.169,0.0,0.0,0.0,0,0.6,1.0,0.5,0.0,0,0.0,0,0,0,0,0,0,0,0.039,0.276,0.072,184.0,1 cup,0,,2,38.7,0.0
9021,APRICOTS,"APRICOTS,RAW",Овощи и фрукты,Фрукты,Абрикосы,48,86.35,1.4,11.12,0.39,13,23,10,1,259,0.39,0.078,0.2,0.077,96,0.89,0.0,0.03,0.04,0.6,0.054,0.0,0.24,0.077,0,0.0,0.0,0.0,0.0,3,0.1,0.0,0.75,2.0,0,9.239999771,19,1094,104,89,0,7,0,0.17,0.077,0.027,155.0,"1 cup,  halves",165,"1 cup, sliced",1926,10.0,3.3
9040,BANANAS,"BANANAS,RAW",Овощи и фрукты,Фрукты,Бананы,89,74.91,1.09,22.84,0.33,5,22,27,1,358,0.26,0.078,0.15,0.27,3,0.1,0.0,0.031,0.073,0.665,0.367,0.0,0.334,0.046,0,0.027,0.0,0.0,0.0,10,1.0,2.25,0.82,2.599999905,0,12.22999954,25,26,0,22,0,36,0,0.032,0.073,0.112,225.0,"1 cup, mashed",150,"1 cup, sliced",64,8.7,0.5
9252,PEARS,"PEARS,RAW",Овощи и фрукты,Фрукты,Груши,58,83.71,0.38,15.46,0.12,9,11,7,1,119,0.17,0.082,0.1,0.049,1,0.12,0.0,0.012,0.025,0.157,0.028,0.0,0.048,0.093,0,0.001,0.0,0.0,0.0,5,0.1,1.0,0.33,3.099999905,0,9.800000191,0,13,2,45,0,10,0,0.026,0.029,0.006,148.04,1 small,178,1 medium,23,4.2,4.5
9003,APPLES,"APPLES,RAW,WITH SKIN",Овощи и фрукты,Фрукты,Яблоки,52,85.56,0.26,13.81,0.17,6,11,5,1,107,0.12,0.027,0.04,0.035,3,0.18,0.0,0.017,0.026,0.091,0.041,0.0,0.061,0.043,0,0.009,0.0,0.0,0.0,3,0.0,0.77,0.19,2.400000095,0,10.39000034,0,27,11,29,0,10,0,0.007,0.051,0.028,125.0,"1 cup, quartered or chopped",109,"1 cup, slices",54,4.6,2.2
9042,BLACKBERRIES,"BLACKBERRIES,RAW",Овощи и фрукты,Ягоды,Ежевика,43,88.15,1.39,9.61,0.49,29,22,20,1,162,0.62,0.165,0.53,0.646,11,1.17,0.0,0.02,0.026,0.646,0.03,0.0,0.276,0.186,0,0.094,0.0,0.0,0.0,8,0.4,0.4,0.37,5.300000191,0,4.880000114,0,128,0,118,0,4,0,0.047,0.28,0.014,144.0,1 cup,0,,214,21.0,19.8
9316,STRAWBERRIES,"STRAWBERRIES,RAW",Овощи и фрукты,Ягоды,Клубника,32,90.95,0.67,7.68,0.3,16,24,13,1,153,0.41,0.048,0.14,0.386,1,0.29,0.0,0.024,0.022,0.386,0.047,0.0,0.125,0.09,0,0.065,0.0,0.0,0.0,6,0.4,0.75,0.4,2.0,0,4.889999866,0,7,0,26,0,6,0,0.043,0.155,0.015,152.0,"1 cup,  halves",232,"1 cup, pureed",12,58.8,2.2
9078,CRANBERRIES,"CRANBERRIES,RAW",Овощи и фрукты,Ягоды,Клюквы,46,87.13,0.39,12.2,0.13,8,13,6,2,85,0.25,0.061,0.1,0.36,3,1.2,0.0,0.012,0.02,0.101,0.057,0.0,0.295,0.033,0,0.022,0.0,0.0,0.0,6,0.1,0.0,0.15,4.599999905,0,4.039999962,0,36,0,91,0,2,0,0.018,0.055,0.011,110.0,"1 cup, chopped",100,"1 cup, whole",60,13.3,5.1
9050,BLUEBERRIES,"BLUEBERRIES,RAW",Овощи и фрукты,Ягоды,Черника,57,84.21,0.74,14.49,0.33,6,12,6,1,77,0.28,0.057,0.16,0.336,3,0.57,0.0,0.037,0.041,0.418,0.052,0.0,0.124,0.088,0,0.058,0.0,0.0,0.0,6,0.1,0.3,0.24,2.400000095,0,9.960000038,0,32,0,80,0,5,0,0.047,0.146,0.028,147.72,1 cup,68,50 berries,54,9.7,19.3
1118,YOGURT,"YOGURT,PLN,SKIM MILK,13 GRAMS PROT PER 8 OZ",Яйца и Молочные продукты,Йогурт,"Из Обезжиренного Молока, 13 Г Белка На 226 Г",56,85.23,5.73,7.68,0.18,199,157,19,77,255,0.09,0.015,0.97,0.005,2,0.0,0.0,0.048,0.234,0.124,0.053,0.61,0.641,0.004,0,0.001,0.0,0.0,0.0,15,3.6,13.5,1.18,0.0,2,7.679999828,0,0,0,0,0,0,2,0.049,0.005,0.116,245.0,"1 cup,  (8 fl oz)",227,"1 container,  (8 oz)",7,0.9,0.2
1117,YOGURT,"YOGURT,PLN,LOFAT,12 GRAMS PROT PER 8 OZ",Яйца и Молочные продукты,Йогурт,"Обезжиренный, 12 Г Белка На 226 Г",63,85.07,5.25,7.04,1.55,183,144,17,70,234,0.08,0.013,0.89,0.004,14,0.03,0.0,0.044,0.214,0.114,0.049,0.56,0.591,0.031,0,0.013,0.0,0.0,0.0,15,3.3,13.5,1.09,0.0,6,7.039999962,0,2,0,0,0,0,14,0.426,0.044,1.0,245.0,"1 cup,  (8 fl oz)",227,"1 container,  (8 oz)",51,0.8,0.2
1116,YOGURT,"YOGURT,PLN,WHL MILK,8 GRAMS PROT PER 8 OZ",Яйца и Молочные продукты,Йогурт,"Цельное Молоко, 8 Г Белка На 226 Г",61,87.9,3.47,4.66,3.25,121,95,12,46,155,0.05,0.009,0.59,0.004,27,0.06,0.1,0.029,0.142,0.075,0.032,0.37,0.389,0.065,0,0.027,0.0,0.0,0.0,15,2.2,14.45,0.72,0.0,13,4.659999847,0,5,0,0,0,0,27,0.893,0.092,2.096,245.0,"1 cup,  (8 fl oz)",227,"1 container,  (8 oz)",99,0.5,0.2
1112,WHEY,"WHEY,ACID,FLUID",Яйца и Молочные продукты,Сыворотка,"Кислотная, Жидкая",24,93.42,0.76,5.12,0.09,103,78,10,48,143,0.08,0.003,0.43,0.002,2,0.0,0.0,0.042,0.14,0.079,0.042,0.18,0.381,0.003,0,0.0,0.0,0.0,0.0,16,1.8,1.3,0.61,0.0,1,5.119999886,0,0,0,0,0,0,2,0.025,0.004,0.057,246.0,1 cup,984,1 quart,7,0.1,0.0
1113,WHEY,"WHEY,ACID,DRIED",Яйца и Молочные продукты,Сыворотка,"Кислотная, Сухая",339,3.51,11.73,73.45,0.54,2054,1349,199,968,2289,1.24,0.05,6.31,0.015,17,0.0,0.0,0.622,2.06,1.16,0.62,2.5,5.632,0.018,0,0.003,0.0,0.0,0.0,225,27.3,13.0,10.77,0.0,3,73.44999695,0,1,0,0,0,0,17,0.149,0.021,0.342,57.0,1 cup,3,1 tbsp,59,0.9,0.0
1114,WHEY,"WHEY,SWEET,FLUID",Яйца и Молочные продукты,Сыворотка,"Сладкая, Жидкая",27,93.12,0.85,5.14,0.36,47,46,8,54,161,0.06,0.004,0.13,0.001,3,0.0,0.0,0.036,0.158,0.074,0.031,0.28,0.383,0.008,0,0.003,0.0,0.0,0.0,16,1.9,1.3,0.53,0.0,2,5.139999866,0,1,0,0,0,0,3,0.1,0.011,0.23,246.0,1 cup,984,1 quart,12,0.1,0.0
1115,WHEY,"WHEY,SWEET,DRIED",Яйца и Молочные продукты,Сыворотка,"Сладкая, Сухая",353,3.19,12.93,74.46,1.07,796,932,176,1079,2080,0.88,0.07,1.97,0.009,8,0.02,0.0,0.519,2.208,1.258,0.584,2.37,5.62,0.025,0,0.009,0.0,0.0,0.0,225,27.2,13.0,8.35,0.0,6,74.45999908,0,2,0,0,0,0,8,0.297,0.034,0.684,145.0,1 cup,8,1 tbsp,30,1.5,0.1
1141,EGG,"EGG,TURKEY,WHL,FRSH,RAW",Яйца и Молочные продукты,Яйцо,Индюшиное,171,72.5,13.68,1.15,11.88,99,170,13,151,142,4.1,0.062,1.58,0.038,166,0.0,0.0,0.11,0.47,0.024,0.131,1.69,1.889,1.17,0,0.079,0.127,0.0,0.0,0,34.3,0.0,0.79,0.0,933,0.0,0,0,0,0,0,12,166,4.571,1.658,3.632,79.0,1 egg,0,,554,0.0,0.0
1123,EGG,"EGG,WHOLE,RAW,FRESH",Яйца и Молочные продукты,Яйцо,Куринное,143,75.84,12.58,0.77,9.94,53,191,12,140,134,1.83,0.102,1.11,0.038,140,0.97,2.0,0.069,0.478,0.07,0.143,1.29,1.438,1.56,0,0.048,0.188,0.0,0.058,251,31.7,32.0,0.86,0.0,423,0.769999981,0,10,9,331,0,12,139,3.81,1.364,3.099,243.0,"1 cup,  (4.86 large eggs)",56,1 extra large,487,0.0,0.3
1124,EGG,"EGG,WHITE,RAW,FRESH",Яйца и Молочные продукты,Яйцо,"Куринное, Белок",48,87.57,10.9,0.73,0.17,7,15,11,166,163,0.08,0.023,0.03,0.011,0,0.0,0.0,0.004,0.439,0.105,0.005,0.09,0.19,0.0,0,0.0,0.0,0.0,0.0,1,20.0,0.0,0.63,0.0,0,0.709999979,0,0,0,0,0,0,0,0.0,0.0,0.0,243.0,1 cup,33,1 large,0,0.0,0.0
1125,EGG,"EGG,YOLK,RAW,FRSH",Яйца и Молочные продукты,Яйцо,"Куринное, Желток",317,52.31,15.86,3.59,26.54,129,390,5,48,109,2.73,0.077,2.3,0.055,381,2.58,5.4,0.176,0.528,0.024,0.35,1.95,2.99,3.54,0,0.103,0.438,0.0,0.114,682,56.0,177.0,1.71,0.0,1234,0.560000002,38,88,33,1094,0,0,371,11.738,4.204,9.551,243.0,1 cup,17,1 large,1442,0.0,0.7
1140,EGG,"EGG,QUAIL,WHOLE,FRESH,RAW",Яйца и Молочные продукты,Яйцо,Перепелиное,158,74.35,13.05,0.41,11.09,64,226,13,141,132,3.65,0.062,1.47,0.038,156,1.08,1.4,0.13,0.79,0.15,0.15,1.58,1.761,0.94,0,0.044,0.122,0.0,0.0,263,32.0,50.8,1.1,0.0,844,0.409999996,0,11,10,369,0,8,155,4.324,1.324,3.557,9.0,1 egg,0,,543,0.0,0.3
